uid,cluster_id
A_0,1
A_1,2
A_2,3
A_3,4
A_4,5
A_5,6
A_6,7
A_7,8
A_8,9
A_9,10
A_10,11
A_11,12
A_12,13
A_13,14
A_14,15
A_15,16
A_16,17
A_17,18
A_18,19
A_19,20
A_20,21
A_21,22
A_22,23
A_23,24
A_24,25
A_25,26
A_26,27
A_27,28
A_28,29
A_29,30
A_30,31
A_31,32
A_32,33
A_33,34
A_34,35
A_35,36
A_36,37
A_37,38
A_38,39
A_39,40
A_40,41
A_41,42
A_42,43
A_43,44
A_44,45
A_45,46
A_46,47
A_47,48
A_48,49
A_49,50
A_50,51
A_51,52
A_52,53
A_53,54
A_54,55
A_55,56
A_56,57
A_57,58
A_58,59
A_59,60
A_60,61
A_61,62
A_62,63
A_63,64
A_64,65
A_65,66
A_66,67
A_67,68
A_68,69
A_69,70
A_70,71
A_71,72
A_72,73
A_73,74
A_74,75
A_75,76
A_76,77
A_77,78
A_78,79
A_79,80
A_80,81
A_81,82
A_82,83
A_83,84
A_84,85
A_85,86
A_86,87
A_87,88
A_88,89
A_89,90
A_90,91
A_91,92
A_92,93
A_93,94
A_94,95
A_95,96
A_96,97
A_97,98
A_98,99
A_99,100
A_100,101
A_101,102
A_102,103
A_103,104
A_104,105
A_105,106
A_106,107
A_107,108
A_108,109
A_109,110
A_110,111
A_111,112
A_112,113
A_113,114
A_114,115
A_115,116
A_116,117
A_117,118
A_118,119
A_119,120
A_120,121
A_121,122
A_122,123
A_123,124
A_124,125
A_125,126
A_126,127
A_127,128
A_128,129
A_129,130
A_130,131
A_131,132
A_132,133
A_133,134
A_134,135
A_135,136
A_136,137
A_137,138
A_138,139
A_139,140
A_140,141
A_141,142
A_142,143
A_143,144
A_144,145
A_145,146
A_146,147
A_147,148
A_148,149
A_149,150
A_150,151
A_151,152
A_152,153
A_153,154
A_154,155
A_155,156
A_156,157
A_157,158
A_158,159
A_159,160
A_160,161
A_161,162
A_162,163
A_163,164
A_164,165
A_165,166
A_166,167
A_167,168
A_168,169
A_169,170
A_170,171
A_171,172
A_172,173
A_173,174
A_174,175
A_175,176
A_176,177
A_177,178
A_178,179
A_179,180
A_180,181
A_181,182
A_182,183
A_183,184
A_184,185
A_185,186
A_186,187
A_187,188
A_188,189
A_189,190
A_190,191
A_191,192
A_192,193
A_193,194
A_194,195
A_195,196
A_196,197
A_197,198
A_198,199
A_199,200
A_200,201
A_201,202
A_202,203
A_203,204
A_204,205
A_205,206
A_206,207
A_207,208
A_208,209
A_209,210
A_210,211
A_211,212
A_212,213
A_213,214
A_214,215
A_215,216
A_216,217
A_217,218
A_218,219
A_219,220
A_220,221
A_221,222
A_222,223
A_223,224
A_224,225
A_225,226
A_226,227
A_227,228
A_228,229
A_229,230
A_230,231
A_231,232
A_232,233
A_233,234
A_234,235
A_235,236
A_236,237
A_237,238
A_238,239
A_239,240
A_240,241
A_241,242
A_242,243
A_243,244
A_244,245
A_245,246
A_246,247
A_247,248
A_248,249
A_249,250
A_250,251
A_251,252
A_252,253
A_253,254
A_254,255
A_255,256
A_256,257
A_257,258
A_258,259
A_259,260
A_260,261
A_261,262
A_262,263
A_263,264
A_264,265
A_265,266
A_266,267
A_267,268
A_268,269
A_269,270
A_270,271
A_271,272
A_272,273
A_273,274
A_274,275
A_275,276
A_276,277
A_277,278
A_278,279
A_279,280
A_280,281
A_281,282
A_282,283
A_283,284
A_284,285
A_285,286
A_286,287
A_287,288
A_288,289
A_289,290
A_290,291
A_291,292
A_292,293
A_293,294
A_294,295
A_295,296
A_296,297
A_297,298
A_298,299
A_299,300
A_300,301
A_301,302
A_302,303
A_303,304
A_304,305
A_305,306
A_306,307
A_307,308
A_308,309
A_309,310
A_310,311
A_311,312
A_312,313
A_313,314
A_314,315
A_315,316
A_316,317
A_317,318
A_318,319
A_319,320
A_320,321
A_321,322
A_322,323
A_323,324
A_324,325
A_325,326
A_326,327
A_327,328
A_328,329
A_329,330
A_330,331
A_331,332
A_332,333
A_333,334
A_334,335
A_335,336
A_336,337
A_337,338
A_338,339
A_339,340
A_340,341
A_341,342
A_342,343
A_343,344
A_344,345
A_345,346
A_346,347
A_347,348
A_348,349
A_349,350
A_350,351
A_351,352
A_352,353
A_353,354
A_354,355
A_355,356
A_356,357
A_357,358
A_358,359
A_359,360
A_360,361
A_361,362
A_362,363
A_363,364
A_364,365
A_365,366
A_366,367
A_367,368
A_368,369
A_369,370
A_370,371
A_371,372
A_372,373
A_373,374
A_374,375
A_375,376
A_376,377
A_377,378
A_378,379
A_379,380
A_380,381
A_381,382
A_382,383
A_383,384
A_384,385
A_385,386
A_386,387
A_387,388
A_388,389
A_389,390
A_390,391
A_391,392
A_392,393
A_393,394
A_394,395
A_395,396
A_396,397
A_397,398
A_398,399
A_399,400
A_400,401
A_401,402
A_402,403
A_403,404
A_404,405
A_405,406
A_406,407
A_407,408
A_408,200
A_409,409
A_410,410
A_411,411
A_412,412
A_413,413
A_414,414
A_415,210
A_416,415
A_417,416
A_418,417
A_419,418
A_420,419
A_421,420
A_422,421
A_423,422
A_424,423
A_425,424
A_426,425
A_427,426
A_428,427
A_429,428
A_430,429
A_431,430
A_432,431
A_433,432
A_434,433
A_435,434
A_436,435
A_437,436
A_438,437
A_439,438
A_440,439
A_441,440
A_442,441
A_443,442
A_444,443
A_445,444
A_446,445
A_447,446
A_448,447
A_449,448
A_450,449
A_451,450
A_452,451
A_453,452
A_454,453
A_455,454
A_456,455
A_457,456
A_458,457
A_459,458
A_460,459
A_461,460
A_462,461
A_463,462
A_464,463
A_465,464
A_466,465
A_467,466
A_468,467
A_469,468
A_470,469
A_471,470
A_472,471
A_473,472
A_474,473
A_475,474
A_476,475
A_477,476
A_478,477
A_479,478
A_480,479
A_481,480
A_482,481
A_483,482
A_484,483
A_485,484
A_486,485
A_487,486
A_488,487
A_489,488
A_490,275
A_491,489
A_492,490
A_493,491
A_494,492
A_495,493
A_496,494
A_497,495
A_498,496
A_499,497
A_500,498
A_501,499
A_502,500
A_503,501
A_504,502
A_505,503
A_506,504
A_507,505
A_508,506
A_509,507
A_510,508
A_511,509
A_512,510
A_513,511
A_514,512
A_515,513
A_516,514
A_517,515
A_518,516
A_519,517
A_520,518
A_521,519
A_522,520
A_523,521
A_524,522
A_525,523
A_526,524
A_527,525
A_528,526
A_529,527
A_530,528
A_531,529
A_532,530
A_533,531
A_534,532
A_535,533
A_536,534
A_537,535
A_538,536
A_539,537
A_540,538
A_541,539
A_542,540
A_543,541
A_544,542
A_545,543
A_546,544
A_547,545
A_548,546
A_549,547
A_550,548
A_551,549
A_552,550
A_553,551
A_554,552
A_555,553
A_556,554
A_557,555
A_558,556
A_559,557
A_560,558
A_561,559
A_562,560
A_563,561
A_564,562
A_565,563
A_566,564
A_567,565
A_568,566
A_569,567
A_570,568
A_571,569
A_572,570
A_573,571
A_574,572
A_575,573
A_576,574
A_577,575
A_578,576
A_579,577
A_580,578
A_581,579
A_582,580
A_583,581
A_584,582
A_585,583
A_586,584
A_587,275
A_588,585
A_589,586
A_590,587
A_591,588
A_592,589
A_593,590
A_594,591
A_595,592
A_596,593
A_597,594
A_598,595
A_599,596
A_600,597
A_601,598
A_602,599
A_603,600
A_604,601
A_605,602
A_606,603
A_607,275
A_608,604
A_609,605
A_610,606
A_611,607
A_612,608
A_613,609
A_614,610
A_615,611
A_616,612
A_617,613
A_618,614
A_619,615
A_620,616
A_621,275
A_622,617
A_623,618
A_624,275
A_625,619
A_626,620
A_627,621
A_628,622
A_629,623
A_630,624
A_631,625
A_632,626
A_633,627
A_634,628
A_635,629
A_636,630
A_637,631
A_638,632
A_639,633
A_640,634
A_641,635
A_642,636
A_643,637
A_644,638
A_645,639
A_646,640
A_647,641
A_648,642
A_649,643
A_650,644
A_651,645
A_652,646
A_653,647
A_654,648
A_655,649
A_656,650
A_657,651
A_658,652
A_659,653
A_660,654
A_661,655
A_662,656
A_663,657
A_664,658
A_665,659
A_666,660
A_667,661
A_668,662
A_669,663
A_670,664
A_671,665
A_672,666
A_673,667
A_674,668
A_675,669
A_676,670
A_677,671
A_678,672
A_679,673
A_680,674
A_681,675
A_682,676
A_683,677
A_684,678
A_685,679
A_686,680
A_687,681
A_688,682
A_689,683
A_690,684
A_691,685
A_692,686
A_693,687
A_694,688
A_695,689
A_696,690
A_697,691
A_698,692
A_699,693
A_700,694
A_701,695
A_702,696
A_703,697
A_704,698
A_705,699
A_706,700
A_707,701
A_708,702
A_709,703
A_710,704
A_711,705
A_712,706
A_713,707
A_714,708
A_715,709
A_716,710
A_717,711
A_718,712
A_719,713
A_720,714
A_721,715
A_722,716
A_723,717
A_724,718
A_725,719
A_726,720
A_727,721
A_728,722
A_729,723
A_730,724
A_731,725
A_732,726
A_733,727
A_734,728
A_735,729
A_736,730
A_737,731
A_738,732
A_739,733
A_740,734
A_741,735
A_742,736
A_743,737
A_744,738
A_745,739
A_746,740
A_747,741
A_748,742
A_749,743
A_750,744
A_751,745
A_752,746
A_753,747
A_754,748
A_755,749
A_756,750
A_757,751
A_758,752
A_759,753
A_760,754
A_761,755
A_762,756
A_763,757
A_764,758
A_765,759
A_766,760
A_767,761
A_768,762
A_769,763
A_770,764
A_771,765
A_772,766
A_773,767
A_774,768
A_775,769
A_776,770
A_777,771
A_778,393
A_779,772
A_780,773
A_781,774
A_782,775
A_783,776
A_784,777
A_785,778
A_786,779
A_787,780
A_788,781
A_789,782
A_790,783
A_791,784
A_792,785
A_793,786
A_794,787
A_795,788
A_796,789
A_797,790
A_798,791
A_799,792
A_800,793
A_801,794
A_802,795
A_803,796
A_804,797
A_805,798
A_806,799
A_807,800
A_808,801
A_809,802
A_810,803
A_811,804
A_812,805
A_813,806
A_814,807
A_815,808
A_816,809
A_817,810
A_818,811
A_819,812
A_820,813
A_821,814
A_822,815
A_823,816
A_824,817
A_825,818
A_826,819
A_827,820
A_828,821
A_829,822
A_830,823
A_831,824
A_832,825
A_833,826
A_834,827
A_835,828
A_836,829
A_837,830
A_838,831
A_839,832
A_840,833
A_841,834
A_842,835
A_843,836
A_844,837
A_845,838
A_846,839
A_847,840
A_848,275
A_849,841
A_850,842
A_851,843
A_852,844
A_853,845
A_854,846
A_855,847
A_856,848
A_857,849
A_858,850
A_859,851
A_860,852
A_861,853
A_862,854
A_863,855
A_864,856
A_865,857
A_866,275
A_867,858
A_868,859
A_869,860
A_870,861
A_871,862
A_872,863
A_873,864
A_874,865
A_875,866
A_876,867
A_877,868
A_878,869
A_879,870
A_880,871
A_881,872
A_882,873
A_883,874
A_884,875
A_885,876
A_886,877
A_887,878
A_888,879
A_889,880
A_890,881
A_891,882
A_892,883
A_893,884
A_894,885
A_895,886
A_896,887
A_897,888
A_898,889
A_899,890
A_900,891
A_901,892
A_902,893
A_903,894
A_904,895
A_905,896
A_906,897
A_907,898
A_908,899
A_909,900
A_910,901
A_911,902
A_912,903
A_913,904
A_914,905
A_915,906
A_916,907
A_917,908
A_918,909
A_919,910
A_920,911
A_921,912
A_922,913
A_923,914
A_924,915
A_925,916
A_926,917
A_927,918
A_928,919
A_929,920
A_930,921
A_931,922
A_932,923
A_933,924
A_934,925
A_935,926
A_936,927
A_937,928
A_938,929
A_939,930
A_940,931
A_941,932
A_942,933
A_943,934
A_944,935
A_945,936
A_946,937
A_947,938
A_948,939
A_949,940
A_950,941
A_951,942
A_952,943
A_953,944
A_954,945
A_955,946
A_956,947
A_957,948
A_958,949
A_959,950
A_960,951
A_961,952
A_962,953
A_963,954
A_964,955
A_965,956
A_966,957
A_967,958
A_968,959
A_969,960
A_970,961
A_971,962
A_972,963
A_973,964
A_974,965
A_975,966
A_976,967
A_977,968
A_978,969
A_979,970
A_980,971
A_981,972
A_982,973
A_983,974
A_984,975
A_985,976
A_986,977
A_987,978
A_988,979
A_989,980
A_990,981
A_991,982
A_992,983
A_993,984
A_994,985
A_995,986
A_996,987
A_997,988
A_998,989
A_999,990
B_0,991
B_1,992
B_2,993
B_3,994
B_4,995
B_5,996
B_6,997
B_7,998
B_8,9
B_9,999
B_10,1000
B_11,1001
B_12,1002
B_13,1003
B_14,1004
B_15,16
B_16,1005
B_17,1006
B_18,1007
B_19,1008
B_20,21
B_21,1009
B_22,1010
B_23,24
B_24,1011
B_25,1012
B_26,27
B_27,28
B_28,1013
B_29,1014
B_30,1015
B_31,1016
B_32,1017
B_33,1018
B_34,1019
B_35,36
B_36,1020
B_37,38
B_38,1021
B_39,1022
B_40,1023
B_41,1024
B_42,1025
B_43,1026
B_44,1027
B_45,1028
B_46,47
B_47,48
B_48,49
B_49,1029
B_50,51
B_51,52
B_52,1030
B_53,54
B_54,1031
B_55,56
B_56,1032
B_57,1033
B_58,59
B_59,60
B_60,1034
B_61,1035
B_62,1036
B_63,64
B_64,1037
B_65,1038
B_66,1039
B_67,1040
B_68,69
B_69,1041
B_70,1042
B_71,72
B_72,1043
B_73,1044
B_74,1045
B_75,823
B_76,1046
B_77,1047
B_78,1048
B_79,1049
B_80,1050
B_81,82
B_82,83
B_83,84
B_84,1051
B_85,1052
B_86,87
B_87,1053
B_88,1054
B_89,90
B_90,1055
B_91,1056
B_92,93
B_93,1057
B_94,1058
B_95,1059
B_96,1060
B_97,1061
B_98,1062
B_99,1063
B_100,1064
B_101,1065
B_102,103
B_103,104
B_104,1066
B_105,1067
B_106,107
B_107,1068
B_108,1069
B_109,1070
B_110,1071
B_111,1072
B_112,1073
B_113,1074
B_114,1075
B_115,612
B_116,1076
B_117,118
B_118,1077
B_119,120
B_120,1078
B_121,1079
B_122,1080
B_123,1081
B_124,1082
B_125,1083
B_126,1084
B_127,128
B_128,1085
B_129,1086
B_130,1087
B_131,132
B_132,133
B_133,1088
B_134,135
B_135,1089
B_136,1090
B_137,1091
B_138,139
B_139,1092
B_140,1093
B_141,1094
B_142,1095
B_143,144
B_144,1096
B_145,146
B_146,147
B_147,1097
B_148,1098
B_149,1099
B_150,1100
B_151,1101
B_152,1102
B_153,1103
B_154,1104
B_155,1105
B_156,1106
B_157,1107
B_158,1108
B_159,1109
B_160,1110
B_161,1111
B_162,163
B_163,1112
B_164,1113
B_165,1114
B_166,1115
B_167,168
B_168,169
B_169,170
B_170,1116
B_171,1117
B_172,1118
B_173,1119
B_174,1120
B_175,176
B_176,177
B_177,1121
B_178,179
B_179,1122
B_180,1123
B_181,1124
B_182,1125
B_183,1126
B_184,1127
B_185,1128
B_186,1129
B_187,188
B_188,189
B_189,1130
B_190,1131
B_191,1132
B_192,193
B_193,194
B_194,1133
B_195,1134
B_196,197
B_197,1135
B_198,1136
B_199,1137
B_200,1138
B_201,1139
B_202,203
B_203,1140
B_204,1141
B_205,1142
B_206,1143
B_207,1144
B_208,1145
B_209,1146
B_210,211
B_211,212
B_212,213
B_213,1147
B_214,381
B_215,216
B_216,217
B_217,1148
B_218,1149
B_219,1150
B_220,1151
B_221,1152
B_222,223
B_223,1153
B_224,1154
B_225,1155
B_226,1156
B_227,1157
B_228,1158
B_229,1159
B_230,231
B_231,232
B_232,1160
B_233,234
B_234,1161
B_235,1162
B_236,237
B_237,1163
B_238,1164
B_239,1165
B_240,1166
B_241,1167
B_242,1168
B_243,1169
B_244,1170
B_245,246
B_246,1171
B_247,1172
B_248,1173
B_249,1174
B_250,1175
B_251,252
B_252,1176
B_253,1177
B_254,1178
B_255,1179
B_256,1180
B_257,1181
B_258,1182
B_259,260
B_260,1183
B_261,1184
B_262,1185
B_263,175
B_264,265
B_265,1186
B_266,267
B_267,268
B_268,1187
B_269,270
B_270,271
B_271,1188
B_272,1189
B_273,1190
B_274,1191
B_275,1192
B_276,1193
B_277,278
B_278,1194
B_279,1195
B_280,1196
B_281,282
B_282,1197
B_283,1198
B_284,1199
B_285,1200
B_286,287
B_287,288
B_288,289
B_289,290
B_290,291
B_291,1201
B_292,1202
B_293,294
B_294,295
B_295,1203
B_296,1204
B_297,1205
B_298,299
B_299,300
B_300,1206
B_301,1207
B_302,303
B_303,1208
B_304,305
B_305,1209
B_306,1210
B_307,1211
B_308,1212
B_309,1213
B_310,1214
B_311,312
B_312,1215
B_313,314
B_314,315
B_315,316
B_316,1216
B_317,1217
B_318,1218
B_319,1219
B_320,1220
B_321,322
B_322,1221
B_323,1222
B_324,325
B_325,1223
B_326,327
B_327,1224
B_328,1225
B_329,1226
B_330,331
B_331,1227
B_332,1228
B_333,334
B_334,335
B_335,1229
B_336,1230
B_337,1231
B_338,1232
B_339,1233
B_340,1234
B_341,342
B_342,1235
B_343,1236
B_344,1237
B_345,1238
B_346,1239
B_347,1240
B_348,1241
B_349,1242
B_350,1243
B_351,1244
B_352,1245
B_353,354
B_354,1246
B_355,1247
B_356,1248
B_357,1249
B_358,1250
B_359,360
B_360,1251
B_361,1252
B_362,363
B_363,364
B_364,1253
B_365,366
B_366,367
B_367,1254
B_368,369
B_369,1255
B_370,1256
B_371,372
B_372,1257
B_373,1258
B_374,375
B_375,1259
B_376,377
B_377,1260
B_378,1261
B_379,1262
B_380,1263
B_381,1264
B_382,1265
B_383,1266
B_384,385
B_385,1267
B_386,1268
B_387,1269
B_388,389
B_389,390
B_390,391
B_391,1270
B_392,1271
B_393,394
B_394,1272
B_395,1273
B_396,397
B_397,1274
B_398,1275
B_399,1276
B_400,1277
B_401,1278
B_402,1279
B_403,1280
B_404,1281
B_405,1282
B_406,407
B_407,1283
B_408,200
B_409,1284
B_410,410
B_411,1285
B_412,1286
B_413,1287
B_414,1288
B_415,210
B_416,1289
B_417,1290
B_418,1291
B_419,1292
B_420,419
B_421,1293
B_422,421
B_423,1294
B_424,1295
B_425,1296
B_426,1297
B_427,1298
B_428,1299
B_429,1300
B_430,1301
B_431,1302
B_432,1303
B_433,1304
B_434,1305
B_435,434
B_436,1306
B_437,1307
B_438,437
B_439,1308
B_440,1309
B_441,1310
B_442,1311
B_443,442
B_444,1312
B_445,1313
B_446,1314
B_447,1315
B_448,1316
B_449,1317
B_450,1318
B_451,1319
B_452,1320
B_453,1321
B_454,453
B_455,1322
B_456,1323
B_457,1324
B_458,457
B_459,1325
B_460,1326
B_461,1327
B_462,1328
B_463,1329
B_464,1330
B_465,1331
B_466,1332
B_467,1333
B_468,1334
B_469,1335
B_470,1336
B_471,1337
B_472,1338
B_473,1339
B_474,1340
B_475,1341
B_476,1342
B_477,1343
B_478,1344
B_479,478
B_480,479
B_481,1345
B_482,1346
B_483,1347
B_484,483
B_485,1348
B_486,485
B_487,1349
B_488,1350
B_489,1351
B_490,1352
B_491,1353
B_492,1354
B_493,1355
B_494,1356
B_495,1357
B_496,1358
B_497,1359
B_498,496
B_499,1360
B_500,1361
B_501,499
B_502,500
B_503,1362
B_504,1363
B_505,503
B_506,1364
B_507,1365
B_508,1366
B_509,1367
B_510,1368
B_511,1369
B_512,510
B_513,1370
B_514,1371
B_515,1372
B_516,1373
B_517,1374
B_518,1375
B_519,1376
B_520,1377
B_521,519
B_522,1378
B_523,521
B_524,1379
B_525,1380
B_526,524
B_527,1381
B_528,526
B_529,1382
B_530,1383
B_531,1384
B_532,1385
B_533,1386
B_534,1387
B_535,1388
B_536,534
B_537,535
B_538,1389
B_539,537
B_540,1390
B_541,1391
B_542,1392
B_543,541
B_544,1393
B_545,1394
B_546,1395
B_547,1396
B_548,1397
B_549,1398
B_550,1399
B_551,549
B_552,1400
B_553,551
B_554,552
B_555,553
B_556,1401
B_557,1402
B_558,1403
B_559,1404
B_560,1405
B_561,559
B_562,560
B_563,1406
B_564,1407
B_565,1408
B_566,1409
B_567,1410
B_568,566
B_569,1411
B_570,568
B_571,569
B_572,1412
B_573,1413
B_574,1414
B_575,573
B_576,1415
B_577,1416
B_578,1417
B_579,1418
B_580,1419
B_581,1420
B_582,1421
B_583,1422
B_584,1423
B_585,1424
B_586,1425
B_587,1426
B_588,585
B_589,1427
B_590,1428
B_591,588
B_592,1429
B_593,1430
B_594,1431
B_595,592
B_596,1432
B_597,1433
B_598,595
B_599,1434
B_600,1435
B_601,1436
B_602,599
B_603,1437
B_604,601
B_605,1438
B_606,1439
B_607,1440
B_608,1441
B_609,1442
B_610,1443
B_611,1444
B_612,1445
B_613,609
B_614,1446
B_615,1447
B_616,1448
B_617,613
B_618,1449
B_619,615
B_620,1450
B_621,1451
B_622,617
B_623,1452
B_624,1453
B_625,619
B_626,1454
B_627,1455
B_628,1456
B_629,623
B_630,624
B_631,1457
B_632,1458
B_633,1459
B_634,628
B_635,1460
B_636,1461
B_637,1462
B_638,1463
B_639,1464
B_640,1465
B_641,1466
B_642,1467
B_643,637
B_644,1468
B_645,1469
B_646,1470
B_647,1471
B_648,642
B_649,643
B_650,1472
B_651,1473
B_652,1474
B_653,1475
B_654,1476
B_655,649
B_656,650
B_657,1477
B_658,1478
B_659,1479
B_660,1480
B_661,655
B_662,1481
B_663,657
B_664,1482
B_665,659
B_666,1483
B_667,1484
B_668,662
B_669,663
B_670,664
B_671,1485
B_672,1486
B_673,1487
B_674,1488
B_675,1489
B_676,1490
B_677,1491
B_678,1492
B_679,673
B_680,1493
B_681,1494
B_682,1495
B_683,1496
B_684,1497
B_685,1498
B_686,1499
B_687,681
B_688,1500
B_689,1501
B_690,1502
B_691,1503
B_692,1504
B_693,687
B_694,1505
B_695,689
B_696,1506
B_697,691
B_698,1507
B_699,693
B_700,1508
B_701,1509
B_702,1510
B_703,1511
B_704,1512
B_705,1513
B_706,1514
B_707,1515
B_708,702
B_709,1516
B_710,704
B_711,1517
B_712,1518
B_713,1519
B_714,708
B_715,1520
B_716,1521
B_717,1522
B_718,1523
B_719,1524
B_720,714
B_721,715
B_722,1525
B_723,717
B_724,1526
B_725,1527
B_726,1528
B_727,721
B_728,1529
B_729,723
B_730,724
B_731,725
B_732,1530
B_733,1531
B_734,1532
B_735,729
B_736,1533
B_737,1534
B_738,1535
B_739,733
B_740,1536
B_741,1537
B_742,736
B_743,1538
B_744,738
B_745,1539
B_746,740
B_747,1540
B_748,742
B_749,743
B_750,1541
B_751,1542
B_752,1543
B_753,1544
B_754,1545
B_755,1546
B_756,750
B_757,751
B_758,1547
B_759,1548
B_760,1549
B_761,1550
B_762,756
B_763,1551
B_764,758
B_765,1552
B_766,400
B_767,1553
B_768,1554
B_769,1555
B_770,1556
B_771,765
B_772,1557
B_773,1558
B_774,1559
B_775,769
B_776,1560
B_777,1561
B_778,393
B_779,1562
B_780,1563
B_781,1564
B_782,1565
B_783,1566
B_784,1567
B_785,778
B_786,1568
B_787,1569
B_788,1570
B_789,1571
B_790,783
B_791,1572
B_792,1573
B_793,1574
B_794,787
B_795,788
B_796,1575
B_797,1576
B_798,1577
B_799,1578
B_800,1579
B_801,1580
B_802,795
B_803,1581
B_804,1582
B_805,798
B_806,1583
B_807,800
B_808,1584
B_809,1585
B_810,1586
B_811,1587
B_812,805
B_813,806
B_814,1588
B_815,1589
B_816,1590
B_817,1591
B_818,1592
B_819,1593
B_820,1594
B_821,1595
B_822,1596
B_823,816
B_824,1597
B_825,1598
B_826,1599
B_827,1600
B_828,1601
B_829,1602
B_830,1603
B_831,824
B_832,1604
B_833,1605
B_834,1606
B_835,1607
B_836,1608
B_837,760
B_838,1609
B_839,1610
B_840,1611
B_841,834
B_842,1612
B_843,836
B_844,837
B_845,838
B_846,839
B_847,1613
B_848,275
B_849,1614
B_850,1615
B_851,843
B_852,1616
B_853,1617
B_854,1618
B_855,1619
B_856,1620
B_857,1621
B_858,1622
B_859,1623
B_860,1624
B_861,1625
B_862,1626
B_863,1627
B_864,856
B_865,1628
B_866,1629
B_867,1630
B_868,859
B_869,1631
B_870,1632
B_871,1633
B_872,1634
B_873,864
B_874,865
B_875,866
B_876,1635
B_877,1636
B_878,1637
B_879,1638
B_880,1639
B_881,872
B_882,1640
B_883,1641
B_884,1642
B_885,876
B_886,1643
B_887,878
B_888,879
B_889,1644
B_890,1645
B_891,1646
B_892,1647
B_893,1648
B_894,1649
B_895,1650
B_896,1651
B_897,888
B_898,889
B_899,890
B_900,1652
B_901,1653
B_902,893
B_903,1654
B_904,1655
B_905,896
B_906,1656
B_907,1657
B_908,1658
B_909,1659
B_910,1660
B_911,1661
B_912,1662
B_913,1663
B_914,1664
B_915,906
B_916,1665
B_917,908
B_918,909
B_919,1666
B_920,1667
B_921,1668
B_922,1669
B_923,1670
B_924,1671
B_925,1672
B_926,917
B_927,1673
B_928,1674
B_929,1675
B_930,921
B_931,1676
B_932,1677
B_933,1678
B_934,1679
B_935,1680
B_936,1681
B_937,1682
B_938,1683
B_939,930
B_940,931
B_941,1684
B_942,1685
B_943,1686
B_944,1687
B_945,936
B_946,1688
B_947,1689
B_948,1690
B_949,1691
B_950,941
B_951,942
B_952,943
B_953,1692
B_954,1693
B_955,946
B_956,947
B_957,1694
B_958,1695
B_959,950
B_960,1696
B_961,622
B_962,1697
B_963,954
B_964,1698
B_965,1699
B_966,1700
B_967,1701
B_968,1702
B_969,1703
B_970,1704
B_971,1705
B_972,963
B_973,1706
B_974,965
B_975,966
B_976,1707
B_977,968
B_978,1708
B_979,970
B_980,971
B_981,1709
B_982,1710
B_983,1711
B_984,1712
B_985,976
B_986,1713
B_987,1714
B_988,1715
B_989,1716
B_990,1717
B_991,1718
B_992,1719
B_993,984
B_994,1720
B_995,1721
B_996,1722
B_997,988
B_998,1723
B_999,1724
